party,33
underway,3
have,39
any,9
followers,3
Rome,12
Dance,15
Dead,12
League,9
Theleagueofrome,3
There's,3
tons,3
artists,30
experience,3
Grab,3
your,111
tickets,54
extended,3
Nick,3
Andy,3
Track-a-Day,3
Challenge,6
First,12
wave,42
bands,27
announced,9
March,36
You,24
ready,27
proceeds,6
again,12
year,36
with,114
CROCHET,12
BRALETTTE,3
festival,189
clothing,51
crochet,72
halter,42
top,207
gypsy,30
bikini,33
getting,9
excited,18
happening,9
May,39
Check,27
out,66
website,3
info,6
Wood,3
Anniversary,3
Design,3
Info,6
call,9
whatsapp,6
Blooming,3
Soon,9
Laser,3
System,3
never,12
asked,18
prince,9
She,9
night,15
off,18
dress,18
Creek,3
lineup,21
has,3
dropped,3
couldn,3
happier,3
part,18
RPM,12
Volunteer,12
Crew,21
We're,24
immediate,12
more,45
Street,12
Team,12
members,12
help,27
spread,12
word,12
about,60
most,15
AMAZING,6
time,24
every,6
our,69
video,18
from,87
summer,69
see,21
how,12
many,6
fri,3
Cinderella,6
are,99
stoked,6
announce,21
that,36
Punk,9
Pioneer,6
Rock,9
Roll,6
Hall,6
Famers,6
playing,12
friends,9
you,159
Please,18
join,18
welcoming,9
beautiful,12
Rooster,9
Walk,12
Can't,12
wait,36
Festival,144
Line,6
Replacement,6
Prodigy,9
Chicago,3
UnRated,3
Crystal,3
Become,6
Groove,6
Island,6
September,6
shall,12
doing,36
exclusive,15
hometown,12
show,48
Dereham,12
Music,129
Festivallon,12
June,48
can't,15
Hardcore,3
punk,3
fused,3
Berlin,3
techno,6
beats,3
back,9
Crawl,3
Promo,3
host,3
annual,6
VillageFest,3
Stay,21
tuned,9
fan,6
page,6
Facebook,12
deta,3
Lets,3
all,54
get,27
thing,18
event,24
sample,3
mashup,3
beat,3
practicing,3
verse,21
song,9
Busy,3
Tones,3
Join,18
NCT,3
DREAM,3
performing,15
Jamm,3
Live,12
Kuala,3
Lumpur,3
Malaysia,3
Saturday,15
April,60
safe,3
kind,12
hoodies,3
shop,9
sale,18
both,9
black,3
white,3
colorways,3
wit,3
where,6
restroom,3
facilities,3
first,21
when,27
arrive,3
Trust,3
you'll,12
huele,12
EXPOGROW,12
sienten,12
las,12
buenas,12
vibras,12
que,21
será,12
posiblemente,12
mejor,12
Hello,3
All,15
check,30
e-mail,3
best,9
Croatia,3
city,15
Zadar,3
Blues,6
Award,6
Winners,6
Main,6
Stage,6
Sunday,6
August,6
Awesome,3
session,3
yesterday,3
Distiller,3
Records,3
Official,6
showcase,6
Valhalla,3
tonight,3
PONCHO,3
Afghan,3
Poncho,3
ombre,3
poncho,12
boho,33
fringe,21
Crochet,36
Want,6
big,6
announcement,6
tomorrow,6
mailing,3
list,9
latest,18
news,18
magical,9
retreat,9
endless,9
music,1719
immersive,9
art,54
Lakewood,9
live,1449
coliseuporto,6
Cinnamon,3
Whisky,6
Rebel,12
Fray,12
Custom,15
Distressed,12
Women's,12
Shirt,12
BALD,3
EAGLE,3
Vintage,6
encontrás,3
con,6
Gianluca,3
Vacchi,3
discoteca,3
run,3
Twenty-five,3
international,9
acts,9
FLAG,3
Steer,3
Skull,3
ROYAL,3
Canadian,6
amazing,18
day,48
coming,21
Love,21
classic,3
rock,12
Then,9
share,6
inner,3
spirit,3
Photo,3
travels,18
documentary,18
mention,6
Thank,12
JAZZ,3
GARDEN,3
theethernetwork,3
jassbrown,3
kiss,3
Innsbrook,6
Institute,6
accepting,21
applications,21
Summer,6
Academy,6
until,6
apply,6
Good,3
morning,6
Today,3
bring,9
another,12
moving,9
Artist,3
Spotlight,3
Week,3
fun,6
presentó,3
éxito,3
debut,3
Calleo,3
Miami,15
Florida,3
But,12
want,15
I've,6
been,15
signed,3
emai,3
hands,3
Stop,3
clubhouse,3
find,3
them,9
rube,6
wouldn,6
listen,9
episode,21
Listen,18
because,12
it's,21
morally,9
responsible,6
thi,3
Only,3
Why,3
not,12
come,21
their,3
tour,9
Ireland,3
learned,3
dancing,21
couple,3
were,18
later,3
married,3
front,6
stage,51
why,6
love,24
what,27
Robert,6
Plant,6
ever,15
Vancouver,6
Attention,6
human,6
just,15
added,9
bill,6
Let,9
CRUSHING,6
begin,6
Friday,24
can,12
soon,9
enough,3
BOHEMIAN,3
TOP,9
Anka,6
Joan,6
Báez,6
José,6
Mercé,6
Universal,6
Beach,6
place,12
Ultra,12
available,12
rooms,6
Paul,3
ultimate,3
room,3
DAY,15
PASSES,15
Day,6
VIP,12
SOLDOUT,3
Metropolitan,3
weekend,33
Vinoy,12
Park,15
Sonar,9
Color,3
proofing,3
Michael,3
Flynn,3
posters,3
festivals,15
welcome,3
Proof,3
Who,12
They,9
Wanna,3
Hear,3
Came,3
See,24
WIN,9
Melbourne,3
here,42
Calgary,6
open,12
air,15
non-profit,12
hosted,12
forget,3
Texas,33
Indie,21
Fest,24
week,6
Lots,3
but,18
I'm,9
particularly,3
partial,3
adds,3
band,18
addition,3
comes,3
after,3
lead,21
singer,21
origin,3
dates,9
official,21
three,6
days,9
colour,6
comedy,6
performance,6
Soundtrack,15
City,15
Get,33
monokini,3
FESTIVAL,6
CLOTHING,6
swimwear,9
bathing,3
swim,3
suits,3
swimsuits,3
bikinis,6
beachwe,3
Can,12
home,3
work,6
Rehearsal,18
Walking,6
More,3
coachella,18
walk,15
today,21
upcoming,6
there,9
much,9
longer,3
students,3
enthusiastic,3
performances,3
categori,3
real,3
breath,3
K-Pop,6
living,3
Austin,15
you're,3
looking,15
catch,3
stars,3
make,3
sure,33
Have,15
applied,6
yet,12
incredible,12
atmosphere,6
across,6
during,6
applying,6
now,30
del,18
tocando,6
fibra,6
sensible,6
publico,6
Aquí,6
están,6
agitando,6
escenario,6
Ready,6
Charlotte,6
guys,3
hold,3
Let's,15
MUCC,3
Here's,21
Jeff's,15
story,15
Click,15
link,15
give,18
tank,9
TANK,9
beachwear,3
hippie,27
gysp,3
Saint,3
Martin's,3
SXM,3
fuses,3
oceanside,3
would,3
ice,3
cube,3
snoop,3
one,21
main,3
reason,3
his,3
SXSW,21
KdL,3
How,6
Recordings,6
Llamalo,3
magia,6
edmnights,3
Cropped,6
sum,3
future,6
Manageable,6
crowd,6
strong,6
commun,3
fav,3
Morning,6
Blend,6
fixed,6
auction,6
table,12
Marana,24
Bluegrass,24
JMBLYA,3
selling,3
hard,3
copies,3
around,6
corner,6
poster,6
scarily,6
accurate,6
really,6
read,6
dow,3
land,3
everyone,9
silencio,3
nuevo,3
muy,3
pronto,3
LINEUP,6
got,36
TIXS,6
yours,6
TODAY,6
VJing,6
Ken,6
Arai,6
Shanghai,6
vol,6
lays,3
exciting,3
Neon,3
Reverb,3
NEW,3
BLOG,3
reveal,3
well,3
worth,3
Find,3
crop,21
Coming,6
SEE,9
FOO,12
FIGHTERS,12
Contiki,12
Sounds,12
returns,12
trip,12
UK's,12
Reading,12
Floor,3
We'll,3
TICKETS,9
SALE,9
NOW,6
DRESS,3
rainbow,12
CHAKRA,3
beach,21
cover,27
sheer,3
Local,3
Musicians,3
Workshops,3
Jams,3
Hot,3
sweaty,3
thisisladybird,3
set,12
lace,3
CrissCross,3
Halter,12
Bandeau,3
bathin,3
Congratulations,6
Sarawak,6
award,6
Rainforest,6
World,6
Musical,12
Festivals,6
Which,3
makes,3
wanna,3
everything,3
Comment,3
below,3
Wristbands,3
Adrian,3
Kosky,3
Carla,3
Maxwell,3
perform,18
Holy,3
Moly,3
ricorda,3
pigiamino,3
Necro,3
Sposa,3
alto,3
mare,3
finally,3
Jul,3
winner,24
Leyland,24
waiting,3
Welcome,3
spring,24
Parc,3
Migida,3
Girona,3
concerts,9
Black,3
Picnic,6
Some,3
epic,3
preview,3
Mix,12
Electro,6
House,6
EDM,1410
Party,9
EDMixes,6
Obtain,6
newest,6
right,12
wont,6
regret,6
says,3
should,3
miss,9
UNUM,3
Confirmed,6
far,6
Many,6
favorite,3
tie,3
dye,3
FRINGE,3
Hip,3
skirt,6
Sarong,3
bandana,3
scarf,6
beachcover,3
Planning,6
Early,9
preparing,3
tunes,3
Our,3
Thi,3
Baransel,3
Öyle,3
Sevdaya,3
Düştüm,3
MESH,3
peplum,3
Offwhite,3
chic,9
Khusrau,3
Dastan,3
nasiruddin,3
chiragh,3
dehlavi,3
Syed,3
Sahil,3
Agha,3
Date,3
Pas,3
Casa,3
Andorra,3
Five,3
lovers,9
Bird,6
Deadline,3
Critics,6
calling,6
profound,6
okay,6
morall,3
resp,3
Cartel,3
definitivo,3
distribución,3
por,3
días,6
información,3
Going,3
Family,3
limited,3
family,12
avoid,3
disappointment,3
reco,3
Jacob,3
Venom,3
snippet,3
Присоединяйтесь,3
нам,3
забудьте,3
про,3
лайвстрим,3
WHITE,6
BOHO,3
Boho,9
MARCH,3
date,9
Ven,3
disfrutar,6
Encuentro,3
Coral,3
más,3
importante,3
América,3
abril,3
Formali,3
Tomorrow,3
these,6
wonderful,6
DJs,3
guide,3
through,12
adventure,6
watch,6
uncle,3
sees,3
familiar,3
face,12
side,3
they,6
pompon,3
fanny,3
pack,6
TIP,3
Stick,3
emails,3
They're,3
easiest,3
bag,6
instantly,6
Fanny,3
Dont,3
before,6
gone,3
dianemorrisey,3
picture,3
mouthwatering,3
breakfast,6
tacos,3
agree,3
backpacks,3
name,3
we've,6
covered,3
fashionable,3
Market,3
fringes,6
Hippie,3
bustier,3
Back,3
Deck,3
Next,3
Muncie,3
Tickets,57
Are,3
Available,3
Link,3
Below,3
those,18
who,27
missed,18
earlier,15
btw,15
trio,3
Exciting,3
things,3
Sound,3
two,6
magic,3
Southeast,3
Perform,3
Vend,3
Spons,3
Adding,9
bit,12
vocal,9
Circus,9
Paradise,9
over,9
Tune,9
into,9
SUBSONIC,9
hear,3
violin,3
questions,3
some,3
informat,3
wants,3
buy,6
S2O,9
bangkok,3
songkran,6
ticket,6
please,3
ARE,15
FYI,3
Birds,6
Sold,3
Out,3
Weekend,6
early,6
sell,3
Subsonica,6
arrivo,6
Arena,6
Derthona,6
musicians,1596
outdoor,15
MANDALA,3
Top,3
Lotus,3
flower,3
valentines,3
bohemian,27
gyp,3
long,3
Night,3
Pot,3
Gold,15
Calling,18
celebrat,12
Sun,3
Sivan,12
floor,6
biblewords,3
push,6
Mina,3
Here,6
line,9
rocking,3
sta,3
instrument,6
MUCH,3
MORE,3
ORANGE,3
BLOSSOM,3
JAMBOREE,3
TICKE,3
ETSY,3
Tuesday,6
honor,3
let,3
Store,3
Handmade,3
Bamboo,3
Head,3
wear,9
Wrap,3
cropped,3
shirt,6
With,3
down,12
Press,3
Conference,3
evening,3
Spring,3
Booking,3
Fort,3
Lee,3
Arts,3
Featured,3
Event,3
FestivalNet,3
decision,3
able,3
look,3
say,3
Yeah,3
made,6
listo,3
puedo,3
esperar,3
solo,3
DAYS,27
Room,27
camping,27
Sponsorships,3
Reach,3
Esperando,3
Truth,3
caught,3
co-creators,3
Lachie,3
talk,6
making,6
better,3
heading,3
Big,3
Ears,3
sounds,3
different,3
than,3
other,6
Known,3
widest-angle,3
prices,3
Rainbow,3
striped,3
cap,3
brimmed,3
beanie,3
hat,6
slouchy,3
pass,3
Post,3
pic,3
beard,3
entered,3
Winner,3
fashion,15
retro,6
inspired,6
voice,3
Stoked,6
It's,6
matter,6
Create,3
promote,3
shows,3
Sell,3
use,3
SMS,3
Email,3
marketing,3
student,6
college,6
under,6
Impulse,6
Festiv,6
Jim,9
welcomes,3
BeachLife,9
blog,3
post,6
hung,3
pro,9
skater,3
Tony,3
Alva,3
Dogtown,3
Catch,6
American,3
Icon,3
Originals,3
Lindberg,3
talks,3
LIVE,3
Captain's,3
Thursday,3
gigs,6
hall,6
famer,6
Congrats,3
One,24
hardest,9
decisions,9
life,9
choosing,9
away,9
try,9
harder,9
Days,9
approaches,9
spotlight,9
stag,3
Elongated,9
Fringe,18
carnival,9
Bohemi,3
Bohemian,6
Count,6
rap,18
YOU,12
LOCAL,12
ARTIST,12
GLOUCESTERSHIRE,12
talented,15
passionate,12
represent,12
King's,12
Jam,9
Follow,9
updates,9
honored,12
outstanding,12
Seattle,12
month,15
Save,6
taking,6
Attended,3
community,3
mission,3
ORGANIZERS,6
EVENT,15
PLANNERS,6
PROMOTERS,6
RECORD,6
LABEL,6
Attending,3
times,3
BreakOut,3
West,3
sweater,30
handmade,9
women's,6
style,6
womens,9
save,3
discounts,3
benefits,3
build-your-own,3
subscriptions,3
HEEL,3
AVAILABLE,3
ONLY,3
Hopefully,3
jump,3
boys,3
Announced,6
Harlinsdale,3
Farm,3
Tenn,3
donate,3
chance,3
win,3
passes,3
amped,3
Spend,3
minutes,3
Grammy-nominated,3
Sultan,3
Shred,3
impression,3
downloadfestau,6
Shot,3
Their,9
debuts,9
details,12
Read,9
moment,9
booze,9
flowing,9
skin,9
hot,9
sun,9
massive,3
EDC,6
Japan,3
Meet,3
designed,3
hats,3
princess,6
gyspy,6
egyptian,6
cotton,6
incl,6
Court,6
Dog,6
Show,12
Cycle,6
Race,3
Car,3
here's,3
rough,3
draft,3
Dave,9
Beat,9
play,21
HALTER,3
burning,3
man,3
festiv,3
Roots,3
Lineup,3
Front,3
sorry,3
crinkled,3
rained,3
Mass,3
stimulation,3
Shades,3
Into,3
Light,3
complete,12
schedule,12
pre-sale,3
RASTA,3
Crop,3
JAMAICA,3
Two's,3
porches,3
historic,3
homes,3
Make,27
biggest,24
SUMMERFEST,18
following,3
rated,3
Fucking,3
Lit,3
Your,3
ears,3
thank,3
dreamteamwillyg,3
Motherless,3
Bastard,3
drops,3
digital,3
outlets,3
Arizona,3
Final,3
songs,3
Turn,3
Loud,3
Don't,3
Feel,3
like,6
dancin,3
Just,6
General,3
Admission,3
advance,3
celebrate,6
pleased,3
invited,3
headline,3
TVW,3
Stock,3
Wales,3
second,3
Remember,3
bird,3
end,3
flying,3
wouldn't,3
Garfor,3
cell,3
phones,3
cause,3
HIGH,3
SCHOOL,3
NATION,3
way,3
only,3
Side,3
note,3
cruisin,3
wutangclan,3
Shout,3
plug,3
MIMES,3
went,3
contact,3
something,3
discover,3
Walden,3
pretty,3
isn't,3
deal,3
others,3
connect,6
producer,9
support,6
Beaumont,3
tell,3
aweso,3
begins,3
breezyperforms,3
Performing,3
shponglemusic,3
Darshan,3
Tribe,3
held,3
Hoffman,3
Estates,3
existe,3
Solo,3
tienes,6
abrir,3
los,3
ojos,3
Calle,3
Ocho,3
Blu,3
CAR,3
AWFUL,3
shredded,3
Vest,3
vest,9
Tassel,3
Earthy,3
elegant,3
fearsome,3
grand,3
click,3
organizer,3
images,3
musica,33
guie,3
running,3
fast,3
Amo,3
Amas,3
we'll,3
years,3
pride,3
tradition,3
puro,3
mariachi,3
Best,3
seats,3
Colorful,3
SCARF,3
sarong,3
NAVY,3
blue,3
building,3
Hats,3
MOHAWK,3
BENDS,3
killed,3
toda,3
energía,3
música,3
benefiting,3
vital,3
mental,3
health,3
services,3
youth,3
families,3
progress,3
Wave,3
Surfing,3
Right,3
Now,3
Dude,3
TUNE,3
musicfestival,1869
instatag,3
instagramanet,3
electro,45
dubstep,3
instamusic,6
musical,24
jazzinthegardens,3
vaporwave,12
chillwave,12
synthwave,12
retrowave,12
darkwave,12
timburton,9
deephouse,687
productor,1536
TOPTUNE,1413
AirPlay,57
album,1545
newsong,1545
np,1413
ff,1095
OnAirNow,654
production,153
djxexer,96
electronicmusic,90
corpsebride,6
DJ,510
musicfest,3
MusicLover,3
musicallyapp,9
musicFestival,6
donating,6
prodctor,9
electronicmusicRT,3
melanin,3
hiphop,9
dancehall,3
saturdaynights,3
charlottenightlife,3
nightlife,3
afrohouse,3
HouseMusic,3
FutureBass,3
prod,33
monolithonthemesa,3
Taos,3
woodstock50,3
woodstock,3
souldeluxe,3
theambitiousempire,3
mixtogo,3
mixtogoradio,3
iam,3
liveband,3
livebands,3
rental,6
rentallighting,3
sewa,6
lighting,3
sewalighting,3
rentallaser,3
laser,3
sewalaser,3
promnight,9
StrangeCreek,3
gow,6
MUSICMONDAY,9
UnRatedMagazine,6
MusicFestival,75
CatalinaIsland,6
LiveMusic,6
cardrossestate,3
DTRHfest,3
TexasMusic,3
reddirtcountry,3
rpmfest2019,9
promotion,3
socialmedia,3
bluesapalooza,6
concertphoto,6
portugal,6
gigphotography,6
liveconcert,6
livemusic,15
fireballwhisky,3
usa,3
merica,3
disco,3
dance,3
nightout,3
marbella,3
countrymusic,6
crownroyal,3
VO,3
astralharvest,3
explorealberta,3
KeyWest,18
festivalfashion,9
sunday,9
sundayfunday,9
bohostyle,9
craft,9
electroswing,9
neovintage,9
edm,39
dj,12
rougeneovintage,3
rougeelectroswing,3
edmfestival,3
JITG2019,3
events,18
stagedesign,3
concert,12
setthestagetoengage,3
dalex,3
calleocho,6
Gofest,3
gofam,3
fathersdayweekend,3
RobertPlant,6
musician,45
singersongwriter,12
F4F,6
GoFest19,3
writing,3
writingcommmunity,3
publication,3
montreal,3
montrealartists,3
montrealwriters,6
mus,3
enel,6
anka,6
ultra,6
ultramiami,6
southbeach,6
FrizeMedia,9
DigitalMarketing,9
viral,3
trending,3
sxsw,3
explorepage,3
mood,3
DowntownStPete,9
metal,3
ROCKMUSIC,3
miam,3
festivalSZN,6
chasingsummer2019,6
Gloucestershire,9
NewMusicAlert,93
djxex,3
On,15
OnAirNo,12
productio,9
produ,27
CrystalMethod,3
FestivalSonar,6
southportfest,6
southpor,6
OnAirN,12
OnAir,6
OnAi,9
rave,33
lifestyle,30
innovator,15
NewMusi,3
coffee,3
blingblingdumpling,3
dumplings,3
working,3
ne,3
coachella2019,9
coachellaeats,3
tb,3
throwback,3
festivalseason,6
EDMMUSIC,3
crowsnestpass,3
producti,18
concierto,6
ellasdanelcante,12
Sevilla,6
8M,6
freedesigners,6
goblockparty,6
produc,21
instagood,9
artist,15
livephotography,6
nikon,6
photographer,6
AfroRootsFest,3
Connectkabukicho,3
Japanese,3
krodpromotions,9
HalsburyWestMicroFestIII,27
HalsburyWestMicroFest2018,27
TheFriscos,6
AlexDawson,6
AnneDawson,9
Northolt,21
Middlesex,21
WestLondonand,6
DeannaAddis,15
RosieEvans,15
London,15
England,12
TradeOnly,12
UK,6
EuropeanUnion,6
AlisonDawson,6
LukeBryant,6
pog2019,3
sxsw2019,6
austintexas,15
altamericana,6
lonesomedesertrock,6
lovemusic,648
lollapalooza,3
NewMusic,615
tomorrowland2019,6
tml,3
tml2019,6
TomorrowlandWinter,3
electronic,3
musiclover,3
musiclife,12
Tucson,6
CountryMusic,6
MusicFe,3
jmblya2019,3
SanAntonio,3
musicislife,6
SkechersSundownFestival2019,6
VJ,6
audiovisual,6
liveperformance,6
livevjRT,3
CalleOcho,3
calleochocarnival,3
miami,3
miamifestivals,3
miamicalleocho,3
NeonReverb,3
KCHarrisMusic,15
SaranacLikes,15
AustinMusic,15
NashvilleMusic,15
SFAYC,15
Roosic,15
SongsFromA,6
acousti,3
Coachella,3
BurningMan,3
EDCLV,3
EDCLasVegas,3
musically,21
musicvideo,33
musicproducer,30
strangecreek2019,3
bigtakeoverband,3
thebigtakeover,3
Mu,3
neverworld,3
nevergrowold,3
ladybird,3
amorjardin,3
trance,3
psytrance,3
progressivehouse,3
Borneo,6
JBL,3
WhereYourMusicsAt,3
HighOnMusic,3
entertainment,6
HelloKitty,3
CurtarockFestival,3
Curtarock,3
TheVoice,18
WetWetWet,18
protools,3
ableton,3
logicpro,3
flstudio,3
dream,3
flawless,3
livemu,3
WordenPark,15
heditude,3
sible,3
essex,3
harry,3
braintree,3
UltraMusicFestival,6
house,6
BSPN,9
becomeunum,9
musicfestivalhttps,3
dancetrance,3
techtrance,3
psycadelicmusic,3
psytrancemusic,3
housemusic,6
darkpsy,3
acid,3
psytribe,3
unumfestival,6
Albania,6
tiedye,3
hippies,3
musicpr,3
lightdreams,3
lightdreamsban,3
AustinTx,3
austin,3
texas,3
uganda,3
losange,3
baransel,3
baranselofficial,3
SyedSahilAgha,3
ooops,6
Blowjob,6
mamadas,6
blowjobpublic,6
mamadasenpublico,6
blowjobmusicfestival,6
mamadafestivaldemusica,6
mu,6
Musicfestival,6
osondocamiño,3
videodj,3
turntablism,3
djs,3
livestream,3
wakingw,3
DownloadFestival,3
RockFestival,3
GoVisitDonegal,3
AméricaCantat9,3
Panamá,3
Castaway,3
EddieLevert,3
Rocked,3
bags,12
photo,12
uncb,12
shopping,9
travel,6
geotrimusicfest,3
wasagabeach,3
frie,3
fannypacks,3
mini,3
IndianaExposureTour,3
Folk,3
FruSkagerrak,3
HistoricStMarys,9
IndianRiverFest,3
BourbonandBeyond,3
Bourbon,3
Louisville,3
ForTheLoveofKY,3
Porchfest,3
musicismylife,12
hiphopmusic,3
trapmusic,3
violinist,3
songfestivalRT,3
MonferratoAutentico,6
TriCJazzFest,15
bohochic,3
detroitphotographer,6
SAVETHEDATE,3
Caledon,3
orangeville,3
erin,3
Ontario,3
southernontario,3
Brampton,3
Mississauga,3
GuelphIt,3
UshaUthup,3
GMF2018,3
springtime,3
picnic,3
NewJersey,3
beyondwonderland,3
insomniac,3
Flyday,27
EastDurham,27
NY,27
Creative,3
Help,3
Millennials,3
Ultra2019,51
virginiakey,3
tomorrowland,3
edmlove,3
rainbowhat,3
stripedhat,3
livevjPurple,3
WeLiveTheBeachLife,18
instrumentalist,6
composition,6
BeachLifeFestival2019,6
WeLiveTheBeachLi,3
BeachLifeFestival2,3
Bea,3
NOWPLAYING,3
JimLindberg,3
BRATSONTHEBEAT,3
RAMONESFORKIDS,3
stall,3
raisingmoney,3
oughtringtonprimaryschool,3
lymm,3
helpneeded,3
oughtyfest,3
lymmvillage,3
RootsPicnic,6
SingerSongwriter,6
JUNO,6
CFMA,6
BC,6
JASONMRAZ,3
BeachLifeFestLA,3
LeylandFe,6
MarlayPark,6
psymusic,6
psychedelic,6
musi,9
breakoutwest,3
canadianmusic,3
coachellaoutfit,3
coachellafashion,3
Franklin,3
talent,6
feisliverpool,9
Etsy,3
etsyfinds,3
burningman,6
festivalstyle,3
model,3
studio,6
light,3
bed,3
wall,3
fire,3
musicfestivalRT,6
fdnwhour,6
manchestermusicscene,3
musicphotography,3
presspass,3
girlzrawk,3
girlzrawkmanchester,3
PushitChallenge,3
Beatblog,9
Ska,9
2Tone,9
80s,9
MUSICFestival,9
musicman,3
musicianlife,3
musicmonday,3
HereWeGoLo,3
cuzeventsrock,3
rootspicnic,3
philly,3
theroots,3
LostSoulsBTQ,3
qotd,3
quote,3
wild,3
flowerchild,3
LeylandFestival,3
lightsculpture,3
dayfornight,3
shades,3
eprom,3
alixperez,3
PalNorte2019,12
djxexe,6
FreddieMercury,3
goodmusic,9
familyfriendly,3
pr,9
musicpro,6
spotifyplaylist,6
spotify,6
Spotifyplays,6
SpotifyMusicPromotion,6
slightlystoopid,3
reggae,3
iration,3
ska,3
rebelution,3
pepper,3
pepperlive,3
kdvisions,3
potofgold,3
Headpins,3
ClassicRock,3
TravelTuesday,3
moonsplashmusic,3
OnA,3
artistandrepertoire,9
magmileshows,9
6thstreetaustin,9
independent,9
austinmusic,3
SXSW2019,9
SouthbySouthWest,6
filmfestival,6
musiceducation,3
summercamp,3
musiccamp,3
BostonCalling,3
DubRap,3
Cbus,3
shpongle,3
coub,36
chicago,3
midwest,3
chi,3
windycity,3
Midwest,3
streetfair,3
foodie,3
soul,3
soulmusic,3
worldmusic,3
southernsoul,3
blues,3
jazz,3
podcast,3
edclasvegas,3
lasvegas,3
rappers,6
pop,6
coachellastyle,3
ravecouples,3
blaqpyrates,3
Aust,3
blackrockcity,3
ravebooty,3
instafun,3
hiphopblog,3
hiphopnation,3
hiphoplife,3
bhfyp,3
hiphophead,3
Robot,2
